,sensor1.pm25,sensor1.pm10
0,0.3333333333333339,1.0
4,0.6666666666666661,0.0
5,0.0,0.7142857142857144
6,0.0,0.7142857142857144
7,0.0,0.7142857142857144
8,0.0,0.7142857142857144
9,0.0,0.7142857142857144
10,0.0,0.7142857142857144
11,1.0,0.5714285714285721
12,1.0,0.5714285714285721
13,1.0,0.5714285714285721
14,1.0,0.5714285714285721
